<resources>
    <string name="app_name">Mis_lugares1</string>
    <string name="accion_mostrar">Mostrar Lugares</string>
    <string name="accion_preferencias">Preferencias</string>
    <string name="accion_acerca_de">Acerca de </string>
    <string name="accion_salir">Salir</string>
    <string name="mis_lugares">Mis Lugares</string>

    <string name="titulo">Mis Lugares</string>
    <string name="lugares">Mostrar Lugares</string>
    <string name="preferencias">Preferencias</string>
    <string name="acercade">Acerca De</string>
    <string name="salir">Salir</string>
    <string name="nombre">Nombre:</string>
    <string name="hintNombre">Nombre que identifique el lugar</string>
    <string name="tipo">Tipo:</string>
    <string name="direccion">Dirección:</string>
    <string name="direcionLugar">dirección del lugar</string>
    <string name="telefono">Telefono:</string>
    <string name="telefonoContacto">teléfono para contactar</string>
    <string name="url">Url:</string>
    <string name="pagWeb">página web</string>
    <string name="comentario">Comentario:</string>
    <string name="notas">introduce tus notas</string>
</resources>